basic_w0	あんざん
basic_w1	アーモンド
basic_w2	アイドル
basic_w3	ありうる
basic_w4	ありえない
basic_w5	いたずら
basic_w6	いっそう
basic_w7	うすれる
basic_w8	エンジニア
basic_w9	おかず
basic_w10	おとく
basic_w11	おせじ
basic_w12	たからくじ
basic_w13	かなしむ
basic_w14	ひめい
basic_w15	ひさいち
basic_w16	カーブ
basic_w17	カウンター
basic_w18	カルシウム
basic_w19	キャプテン
basic_w20	キャンペーン
basic_w21	くしゃみ
basic_w22	くちばし
basic_w23	くるみ
basic_w24	とじこもる
basic_w25	へいてん
basic_w26	なみ
basic_w27	ふけいき
basic_w28	ほどう
basic_w29	さいばん
basic_w30	さいひ
basic_w31	さべつ
basic_w32	こぴぺ
basic_w33	サミット
basic_w34	さらなる
basic_w35	さんざん
basic_w36	サンプル
basic_w37	あさいち
basic_w38	うけたまわる
basic_w39	じさん
basic_w40	あかんぼう
basic_w41	あかじ
basic_w42	くろじ
basic_w43	しょうげきてき
basic_w44	むしば
basic_w45	しゅつじょう
basic_w46	しゅってん
basic_w47	しゅっぴ
basic_w48	じっと
basic_w49	ジャンル
basic_w50	シンポジウム
basic_w51	ステーキ
basic_w52	スパイス
basic_w53	もうけ
basic_w54	まどぐち
basic_w55	もよおしもの
basic_w56	たんい
basic_w57	たまに
basic_w58	ちっともない
basic_w59	チャット
basic_w60	ついに
basic_w61	デビュー
basic_w62	とにかく
basic_w63	とうさん
basic_w64	しめきり
basic_w65	てんぽ
basic_w66	てんとう
basic_w67	どくそう
basic_w68	たいりつ
basic_w69	あっか
basic_w70	はっそう
basic_w71	ばっきん
basic_w72	かりに
basic_w73	へんびん
basic_w74	はんざい
basic_w75	はんばい
basic_w76	ぼうし
basic_w77	はなす
basic_w78	パスワード
basic_w79	ばら
basic_w80	はる
basic_w81	ばれる
basic_w82	パンチ
basic_w83	フォーム
basic_w84	ぶつかる
basic_w85	フリー
basic_w86	フリーズ
basic_w87	プリンター
basic_w88	へら
basic_w89	ほえる
basic_w90	ふんしつ
basic_w91	かんづめ
basic_w92	ふくそう
basic_w93	うわき
basic_w94	あまえる
basic_w95	きゅうよ
basic_w96	こうけん
basic_w97	かしつ
basic_w98	がいする
basic_w99	ゆきつけ
basic_w100	ぎょうれつ
basic_w101	こうてん
basic_w102	はなたば
basic_w103	なだれこむ
basic_w104	ナッツ
basic_w105	ニーズ
basic_w106	にきび
basic_w107	にせもの
basic_w108	ニックネーム
basic_w109	ねずみ
basic_w110	ねんざ
basic_w111	かんじゃ
basic_w112	かさい
basic_w113	げきげん
basic_w114	およぼす
basic_w115	よせる
basic_w116	かちく
basic_w117	まにあわせる
basic_w118	かんとく
basic_w119	げんしょう
basic_w120	みため
basic_w121	みあい
basic_w122	みなおす
basic_w123	こうさい
basic_w124	さけぶ
basic_w125	せっきん
basic_w126	けっきょく
basic_w127	かいこ
basic_w128	けいひ
basic_w129	おどろかす
basic_w130	きょうぎ
basic_w131	きゅうじょ
basic_w132	しゅうにん
basic_w133	いねむり
basic_w134	きめて
basic_w135	ぜつめつ
basic_w136	かいせつ
basic_w137	こうぎ
basic_w138	くうふく
basic_w139	おそれる
basic_w140	ひかえめ
basic_w141	くちごたえ
basic_w142	くきょう
basic_w143	ほこらしい
basic_w144	ほこる
basic_w145	かくだい
basic_w146	りょうしょう
basic_w147	かみなり
basic_w148	はげます
basic_w149	りがい
basic_w150	りえき
basic_w151	つぶ
basic_w152	ちんぎん
basic_w153	ながれ
basic_w154	はやる
basic_w155	もれる
basic_w156	ろくおん
basic_w157	みだれ
basic_w158	うれのこる
basic_w159	しつけ
basic_w160	みりょく
basic_w161	もうしょ
basic_w162	なぞ
basic_w163	あけがた
basic_w164	めいじる
basic_w165	だまる
basic_w166	のうき
basic_w167	たえる
basic_w168	たえぬく
basic_w169	ないてい
basic_w170	ねんぱい
basic_w171	のうそん
basic_w172	はくしゅ
basic_w173	きじつ
basic_w174	きげん
basic_w175	きまずい
basic_w176	けっこう
basic_w177	ねたきり
basic_w178	せいう
basic_w179	もとめる
basic_w180	とりけし
basic_w181	とりくみ
basic_w182	むれ
basic_w183	ひとめ
basic_w184	みとめる
basic_w185	にってい
basic_w186	にちや
basic_w187	にっちゅう
basic_w188	ひがえり
basic_w189	ひやけ
basic_w190	ようい
basic_w191	にゅうか
basic_w192	さばく
basic_w193	きずつける
basic_w194	しょう
basic_w195	おごる
basic_w196	もうしで
basic_w197	しんせい
basic_w198	しんさ
basic_w199	いけばな
basic_w200	うまれかわる
basic_w201	なまもの
basic_w202	しょうがい
basic_w203	しょうぶ
basic_w204	しつぎょう
basic_w205	みのる
basic_w206	じっこう
basic_w207	じっせき
basic_w208	しょくよく
basic_w209	つかいこなす
basic_w210	せだい
basic_w211	しいれ
basic_w212	じじょう
basic_w213	ぜひ
basic_w214	しちょうしゃ
basic_w215	かざる
basic_w216	しちゃく
basic_w217	しゅうにゅう
basic_w218	てがかり
basic_w219	てあて
basic_w220	うけつぐ
basic_w221	じゅしょう
basic_w222	しょめい
basic_w223	ぜいきん
basic_w224	すいみん
basic_w225	おもいうかべる
basic_w226	かち
basic_w227	そうげい
basic_w228	とくしゅう
basic_w229	てんこう
basic_w230	ちょうせん
basic_w231	つうじょう
basic_w232	どうき
basic_w233	どうい
basic_w234	つうかん
basic_w235	つきあたり
basic_w236	どしゃくずれ
basic_w237	まんびき
basic_w238	うで
basic_w239	おうふく
basic_w240	あやうく
basic_w241	イ
basic_w242	いちづけ
basic_w243	といかける
basic_w244	といあわせ
basic_w245	がまんづよい
basic_w246	おくない
basic_w247	ごかい
basic_w248	ぎせい
basic_w249	おそう
basic_w250	よろこばしい
basic_w251	したどり
basic_w252	くわえる
basic_w253	むこう
basic_w254	こがた
basic_w255	こころがける
basic_w256	こころがまえ
basic_w257	こころづかい
basic_w258	しんまい
basic_w259	しんそつ
basic_w260	こうふく
basic_w261	こううん
basic_w262	じょじよ
basic_w263	がくわり
basic_w264	たずねる
basic_w265	め
basic_w266	げんしゅ
basic_w267	ゆれる
basic_w268	はるか
basic_w269	ようぼう
basic_w270	ぎょうせき
basic_w271	業務
basic_w272	いせき
basic_w273	いでんし
basic_w274	ことなる
basic_w275	ひきとる
basic_w276	ひきあげる
basic_w277	おうたい
basic_w278	おうよう
basic_w279	ゆうき
basic_w280	わく
basic_w281	すぐれる
basic_w282	うむ
basic_w283	ゆうち
basic_w284	おせん
basic_w285	おしょく
basic_w286	よち
basic_w287	えんだか
basic_w288	がんしょ
basic_w289	でんせつ
basic_w290	そうなん
basic_w291	しょうち
basic_w292	ぬま
basic_w293	ます
basic_w294	マニュアル
basic_w295	ミステリー
basic_w296	メダル
basic_w297	めったにない
basic_w298	ヨガ
basic_w299	ラッピング
basic_w300	リハーサル
basic_w301	ルート
basic_w302	レバー
basic_w303	わずか
basic_w304	しんじつ
basic_w305	ふりこみ
basic_w306	せいとう
basic_w307	しょうげん
basic_w308	したく
basic_w309	しきゅう
basic_w310	しばふ
basic_w311	おえる
basic_w312	かさねる
basic_w313	しゅうへん
basic_w314	しゅうい
basic_w315	ちゅうや
basic_w316	ちゅうしゃ
basic_w317	ちょきん
basic_w318	てんにん
basic_w319	じょうきょう
basic_w320	こそだて
basic_w321	むらさき
basic_w322	じすい
basic_w323	じかく
basic_w324	しゅうきょう
basic_w325	そうい
basic_w326	はしりまわる
basic_w327	くみたてる
basic_w328	そんけい
basic_w329	さっこん
basic_w330	もくげきしゃ
basic_w331	こうれいしゃ
basic_w332	ねっちゅうし
basic_w333	こうはんい
basic_w334	しゅうしょく
basic_w335	かりてんぽ
basic_w336	じこぴーあー
basic_w337	じんけんひ
basic_w338	ぎょうせきふ
basic_w339	せわずき
basic_w340	ひっとしょう
basic_w341	ろうにゃくな
basic_w342	かいそうこう
basic_w343	しょるいしん
basic_w344	ひじょうぼた
basic_w345	ちいきぐるみ
basic_w346	さーびすりよ
basic_w347	いちがんとな
basic_w348	くいのない
basic_w349	いけんをまと
basic_w350	ぜんりょくを
basic_w351	しごとにつく
basic_w352	やるきがある
basic_w353	やりがいがある
basic_w354	わだいになる
basic_w355	でんわがつな
basic_w356	うんてんをみ
basic_w357	じかんにおわ
basic_w358	かおいろがわ
basic_w359	きあいをいれ
basic_w360	むねをはる
basic_w361	てにはいる
basic_w362	たいちょうを
basic_w363	ゆういをはら
basic_w364	ちからをいか
basic_w365	しょくじをぬ
basic_w366	みとおしがわ
basic_w367	ペーすをくず
basic_w368	でんしゃをの
basic_w369	こころにひび
basic_w370	きんちょうが
basic_w371	みぎにでるも
basic_w372	くちをだす
basic_w373	ばらんすがく
basic_w374	いっこくもは
basic_w375	くろうをかさ
kanji_w0	ゆめ
kanji_e0	子供のころの夢は医者になることだった。
kanji_w1	はす
kanji_e1	の蓮の花が美しく咲いている。
kanji_w2	がら
kanji_e2	このワンピースの柄は派手すぎるかな。
kanji_w3	にじ
kanji_e3	雨上がりに空に美しい虹がかかった。
kanji_w4	うそ
kanji_e4	嘘をつくのはよくないことだ。
kanji_w5	どく
kanji_e5	このキノコには毒がある。
kanji_w6	きず
kanji_e6	んで膝に傷を作ってしまった。
kanji_w7	あと
kanji_e7	である父親が急逝（きゅうせい）し、娘が跡を継（つ）いだ。
kanji_w8	そん
kanji_e8	今回の取引で大きな損を出した。
kanji_w9	うつ
kanji_e9	は機の症状で休職している。
kanji_w10	らく
kanji_e10	ったより楽に問題が解けた。
kanji_w11	やく
kanji_e11	は会議で司会の役を務めた。
kanji_w12	すがた
kanji_e12	富士山の美しい姿を写真に収めた。
kanji_w13	かた
kanji_e13	重い荷物で肩がこった。
kanji_w14	むね
kanji_e14	合格発表の日は胸がドキドキした。
kanji_w15	はら
kanji_e15	あの態度には本当に腹が立つ。
kanji_w16	きも
kanji_e16	彼は肝が据わっていて、何事にも動じない。
kanji_w17	こし
kanji_e17	重いものを持ち上げて腰を痛めた。
kanji_w18	ひざ
kanji_e18	階段で転んで膝を擦りむいた。
kanji_w19	とびら
kanji_e19	彼の心の扉はなかなか開かない。
kanji_w20	ふもと
kanji_e20	麓の村から頂上までかなりの距離がある。
kanji_w21	かぎ
kanji_e21	このキーワードが理解の鍵となる。
kanji_w22	くぎ
kanji_e22	壁に絵を掛けるために釘を打った。
kanji_w23	はり
kanji_e23	糸を針に通す。
kanji_w24	ほうしん
kanji_e24	今後のプロジェクト進行の方針を決める。
kanji_w25	ほう
kanji_e25	問題を解決する方法を考える。
kanji_w26	ほうりつ
kanji_e26	法律を遵守することは国民の義務だ。
kanji_w27	きりつ
kanji_e27	には厳しい規律がある。
kanji_w28	きそく
kanji_e28	会社の規則でスーツ着用が定められている。
kanji_w29	きぼ
kanji_e29	のイベントは規模が大きい。
kanji_w30	もほん
kanji_e30	このデザインは過去の模本を参考にしている。
kanji_w31	もはん
kanji_e31	の行動は模範的なものだ。① このカーペットの模様が気に
kanji_w32	もよう
kanji_e32	入った。② 会議の模様を詳しく報告する
kanji_w33	ようす
kanji_e33	彼の様子が何だかおかしい。
kanji_w34	ようし
kanji_e34	容姿だけで人を判断してはいけない。
kanji_w35	しせい
kanji_e35	きな姿勢で問題に取り組む。
kanji_w36	かっこう
kanji_e36	その格好では面接に受からないよ。
kanji_w37	かくやす
kanji_e37	この商品は他店より格安で提供しています。
kanji_w38	あんい
kanji_e38	に人を頼ってはいけない。
kanji_w39	いらい
kanji_w40	しんらい
kanji_w41	しんこう
kanji_e41	彼は熱心な仰の持ち主だ。
kanji_w42	がんこ
kanji_e42	はとても顔固な性格だ。
kanji_w43	がんじょう
kanji_e43	な構造だ。この建物は地震にも耐える頑丈
kanji_w44	ひょうばん
kanji_e44	あの店は味が良いと評判だ。
kanji_w45	ひひょう
kanji_e45	彼の小説は批評家から高い評価を得た。
kanji_w46	ひょうか
kanji_e46	彼の仕事ぶりは高く評価されている。
kanji_w47	けいしき
kanji_e47	書類は所定の形式で提出してください。
kanji_w48	けしき
kanji_e48	窓から見える景色がとても美しい。
kanji_w49	とくしょく
kanji_e49	この学校の特色は語学教育に力を入れていることだ。
kanji_w50	とくちょう
kanji_e50	彼女の声はとても特徴的で、一度聞いたら忘れない。
kanji_w51	くじょう
kanji_e51	近所から騒音について苦情が来た。
kanji_w52	じょうほう
kanji_e52	インターネットで最新の情報を入手する。
kanji_w53	ほうこく
kanji_e53	彼の報告によると、計画は順調らしい。
kanji_w54	こくはく
kanji_w55	なっとく
kanji_w56	のうふ
kanji_e56	税金を期限までに納付する。
kanji_w57	しゅうのう
kanji_w58	しゅうかく
kanji_w59	きゅうしゅ
kanji_e59	他社の良い点を吸収して自社に生かす。
kanji_w60	りょうしゅ
kanji_e60	したら必ず領収書をもらう。
kanji_w61	ふきゅう
kanji_e61	インターネットの普及で生活が変わった。
kanji_w62	しきゅう
kanji_e62	至急、本部に連絡を取ってください。
kanji_w63	ちきゅう
kanji_e63	地球の資源には限りがある。
kanji_w64	どうにゅう
kanji_e64	この技術を導入することで効率が上がった。
kanji_w65	ゆうそう
kanji_e65	応募書類は6月30日必着で郵送す申清文件清郎寄、6月30ること。
kanji_w66	きふ
kanji_w67	ふぞく
kanji_e67	この学校には付属の図書館がある。
kanji_w68	てんぷ
kanji_e68	メールにファイルを添付する。
kanji_w69	ていあん
kanji_e69	会議で新しいプロジェクトの提築をした。
kanji_w70	あんない
kanji_e70	受付で係員が案内してくれた。
kanji_w71	さんしょう
kanji_e71	詳しくは説明書を参照してください。
kanji_w72	さんこう
kanji_e72	この資料はレポートを書くのに参考になる。
kanji_w73	こうりょ
kanji_e73	彼の意見も考慮に入れて判断する。
kanji_w74	はいりよ
kanji_e74	環境への配慮からリサイクルを推進する。
kanji_w75	えんりょ
kanji_e75	①どうぞ、遠慮なさらずに。②タバコはご遠慮ください。
kanji_w76	じゅうなん
kanji_e76	今の状況では柔軟な対応が求められている。
kanji_w77	なんじゃく
kanji_e77	彼の態度は軟弱だと批判された。
kanji_w78	あいまい
kanji_e78	彼の説明は曖味でよくわからない。
kanji_w79	ていねい
kanji_e79	はいつも丁寧な言葉遣いをする。
kanji_w80	あいさつ
kanji_w81	ていこう
kanji_e81	しい規則に最初は抵抗を感じた。
kanji_w82	とうぼう
kanji_e82	犯人は国外へ逃亡したらしい。
kanji_w83	とうひ
kanji_e83	現実から逃避するためにゲームに没頭する。
kanji_w84	ひなん
kanji_e84	台風が近づいているので避難する。
kanji_w85	けいき
kanji_e85	出会いが人生の契機となることがある。
kanji_w86	ゆうせん
kanji_e86	この作業を優先してやってください。
kanji_w87	かんそう
kanji_e87	冬の空気は乾燥している。
kanji_w88	れいぎ
kanji_e88	彼女はいつも礼儀正しく振る舞い、誰からも言頼されている。
kanji_w89	けいさい
kanji_e89	自分が投稿（とうこう）した川柳
kanji_w90	うんちん
kanji_e90	バスの運賃が値上げされた。
kanji_w91	さつえい
kanji_w92	かくど
kanji_e92	様々な角度から問題を検討する。
kanji_w93	しょうちょ
kanji_e93	鳩（はと）は平和の象徴だ。
kanji_w94	はんい
kanji_e94	このカメラは広い範囲を撮影できる。
kanji_w95	ほうふ
kanji_e95	この地方は水資源が豊富だ。
kanji_w96	さくじょ
kanji_e96	誤って重要なデータを削除してしまった。
kanji_w97	むちゅう
kanji_e97	仕事に夢中で時間が経つのを忘れた。
kanji_w98	きみよう
kanji_e98	この建物は奇妙な形をしている。
kanji_w99	むじゅん
kanji_e99	二つの証言が矛盾している。
kanji_w100	へんきゃく
kanji_w101	そしき
kanji_w102	れいせい
kanji_e102	緊急時こそ冷静に対処する。
kanji_w103	かんげい
kanji_e103	心から歓迎の意を表す。
kanji_w104	かんゆう
kanji_e104	勧誘の電話が頻繁にかかってくる。
kanji_w105	いんさつ
kanji_e105	この書類を10部印刷してください。
kanji_w106	そくざ
kanji_e106	の質問に即座に答えた。
kanji_w107	ちゅうけい
kanji_e107	このニュースは現場から中継しています。
kanji_w108	ぜいたく
kanji_w109	ようち
kanji_w110	ひはん
kanji_w111	たいかく
kanji_e111	彼はがっしりした体格をしている。
kanji_w112	いじょう
kanji_e112	機械の動作に異常がないか確認する。
kanji_w113	きょくたん
kanji_e113	極端な例を挙げて説明する。
kanji_w114	ぼうえき
kanji_e114	まさつ）が起こった。日本とアメリカとの間に賢易摩
kanji_w115	がまん
kanji_w116	しじ
kanji_e116	家族の支持があってこそ成功できた。
kanji_w117	きょか
kanji_e117	その件については、上司の許可が必要だ。
kanji_w118	きょり
kanji_e118	と大阪の距離は約500キロた。
kanji_w119	えんまん
kanji_e119	交渉は円満に解決した。
kanji_w120	きょうふ
kanji_e120	彼の目には恐怖の色が浮かんでいた。
kanji_w121	きょひ
kanji_w122	げんそう
kanji_e122	それは単なる幻想に過ぎない。
kanji_w123	さいばい
kanji_e123	この地域では米の栽培が盛んだ。
kanji_w124	ちりょう
kanji_e124	怪我の治療を受ける。
kanji_w125	しゅとく
kanji_w126	きげん
kanji_e126	この祭りの起源は江戸時代までさかのぼる。
kanji_w127	がんぼう
kanji_e127	の長年の願望が叶った。
kanji_w128	せいぞう
kanji_e128	この機械は日本で製造された。
kanji_w129	ていきょう
kanji_e129	この番組はご覧のスポンサーの提供でお送りします。
kanji_w130	じゃま
kanji_e130	の邪魔をしないでください。
kanji_w131	こうきゅう
kanji_e131	この時計は高級品だ。
kanji_w132	ゆうしゅう
kanji_e132	な人材を募集する。
kanji_w133	せんめい
kanji_e133	が鮮明に蘇る。
kanji_w134	かじょう
kanji_e134	過剰な包装は控える。
kanji_w135	おくびょう
kanji_e135	彼は臆病で自分からは話しかけられない。
kanji_w136	かんわ
kanji_e136	規制を緩和する。
kanji_w137	りょうがえ
kanji_w138	きょうか
kanji_e138	セキュリティを強化する。
kanji_w139	ざいせき
kanji_w140	ふくし
kanji_e140	が重要な課題だ。
kanji_w141	じょうだん
kanji_e141	そんな冗談はやめてください。
kanji_w142	じまん
kanji_w143	ちゅうせん
kanji_e143	申し込みが多数の場合は抽選を行う。
kanji_w144	けいび
kanji_w145	しゅうかん
kanji_e145	毎日運動するのが私の習慣だ。
kanji_w146	じげん
kanji_e146	彼の考え方は他の人と次元が違う。
kanji_w147	じもと
kanji_e147	の意見を聞く。
kanji_w148	どだい
kanji_e148	がしっかりしている建物。
kanji_w149	たちば
kanji_e149	の立場になって考える。
kanji_w150	ぎじゅつ
kanji_e150	技術の進歩が着しい。
kanji_w151	くふう
kanji_w152	くんれん
kanji_e152	聴解の訓練を毎日するので、成果が現れた。
kanji_w153	たさい
kanji_e153	イベントは多彩な内容で好評だった。
kanji_w154	しげき
kanji_e154	経済を刺激する政策。
kanji_w155	してき
kanji_e155	欠点を指摘する。
kanji_w156	どんかん
kanji_e156	彼の鈍感さには呆れてしまう。
kanji_w157	しつぼう
kanji_e157	期待が大きかっただけに失望も大きい。
kanji_w158	かくご
kanji_e158	厳しい訓練を受ける覚悟はできている。
kanji_w159	くべつ
kanji_e159	これらの品物は品質に区別がある。
kanji_w160	しんぱい
kanji_e160	のことを心配している。
kanji_w161	けしょう
kanji_w162	ふたん
kanji_e162	親に負担をかけたくない。
kanji_w163	ほんもの
kanji_e163	本物だと思って買ったブランドバッグが磯物（にせもの）だった。
kanji_w164	けっかん
kanji_e164	に欠陥が見つかった。
kanji_w165	しゃ
kanji_e165	い視野を持って物事を見る。
kanji_w166	しせん
kanji_e166	の視線を感じた。
kanji_w167	してん
kanji_e167	の視点はユニークだ。
kanji_w168	けってん
kanji_e168	の最大の欠点は短気なことだ。
kanji_w169	じゃくてん
kanji_e169	の弱点をつく。
kanji_w170	てんけん
kanji_e170	安全点検のために運転を停止する。
kanji_w171	とくてん
kanji_w172	しょうてん
kanji_e172	レンズの焦点を合わせる。
kanji_w173	しゅうてん
kanji_e173	バスの終点で降りる。
kanji_w174	じゅうてん
kanji_e174	重点を置いて説明する。
kanji_w175	そんちょう
kanji_e175	文化の違いを尊重する。
kanji_w176	ゆだん
kanji_e176	彼の油断が事故を招いた。
kanji_w177	りてん
kanji_e177	最大の利点はコストが安いことだ。
kanji_w178	けんり
kanji_e178	権利と義務は表裏一体（ひょうりいったい）だ。
kanji_w179	しょうり
kanji_w180	むくち
kanji_e180	彼は無口な人だ。
kanji_w181	ぶじ
kanji_w182	ぎょうじ
kanji_e182	は昔からの文化や習慣を学ぶこ伝統的な行事を通して、私たちとができます。
kanji_w183	りゅうこう
kanji_w184	ゆくえ
kanji_e184	彼の行方はまだわからない。
kanji_w185	いこう
kanji_e185	デジタル化への移行が加速している。
kanji_w186	いどう
kanji_e186	人口の都市部への移動が続いている。
kanji_w187	どうさ
kanji_w188	かんどう
kanji_w189	かつやく
kanji_e189	を期待されているのは、前大会で優勝した山田選手だ。
kanji_w190	ふっかつ
kanji_w191	かいふく
kanji_e191	景気の回復が見られる。
kanji_w192	かいとう
kanji_w193	おうとう
kanji_w194	たいおう
kanji_w195	ぜったい
kanji_w196	たいさく
kanji_e196	な対策が求められている。
kanji_w197	たいひ
kanji_e197	データを対比して分析する。
kanji_w198	ひれい
kanji_e198	努力に比例して成果が出る。
kanji_w199	れいがい
kanji_e199	この規則には例外がない。
kanji_w200	そとがわ
kanji_e200	の外側に住所を書く。
kanji_w201	がいけん
kanji_e201	彼の外見は実際の年齢より若く見える。
kanji_w202	けんとう
kanji_e202	彼の行方はまったく見当がつかない。
kanji_w203	けんかい
kanji_e203	の見解には質成できない。
kanji_w204	かいしょう
kanji_w205	かいやく
kanji_w206	りょうかい
kanji_w207	ぶんべつ
kanji_e207	ごみの分別が徹底されていカる。
kanji_w208	ぶんたん
kanji_w209	ぶんぱい
kanji_e209	利益を公平に分配する。
kanji_w210	ぶんや
kanji_e210	この分野では彼の右に出る者はいない。
kanji_w211	ぶんせき
kanji_w212	くぶん
kanji_w213	きぶん
kanji_e213	りの気分を味わう。
kanji_w214	びょうき
kanji_w215	こんき
kanji_e215	には根気が足りない。
kanji_w216	けはい
kanji_e216	雨は一向（いっこう）に弱まる気配がない。
kanji_w217	かっき
kanji_e217	活気に満ちた町。
kanji_w218	しゅっぱつ
kanji_w219	しはつ
kanji_e219	に間に合うように早起きする。
kanji_w220	はっせい
kanji_w221	はつめい
kanji_w222	はつげん
kanji_w223	はったつ
kanji_w224	はっそう
kanji_w225	はってん
kanji_w226	はっき
kanji_w227	かいはつ
kanji_e227	を開発する。
kanji_w228	てんかい
kanji_w229	かいまく
kanji_w230	かいさい
kanji_e230	国際会議の開催を準備する。
kanji_w231	さいそく
kanji_e231	返事を催促する。
kanji_w232	そくしん
kanji_e232	国際交流を促進する。
kanji_w233	しんろ
kanji_e233	の進路について先生と相談する。
kanji_w234	しんこう
kanji_w235	たいがく
kanji_w236	じたい
kanji_w237	てったい
kanji_e237	安全な場所へ撤退する。
kanji_w238	たいしょく
kanji_e238	父は去年定年退職（ていねんたいしょく）した。
kanji_w239	てんしょく
kanji_e239	転職して収入が増えた。
kanji_w240	てんきん
kanji_e240	へ転勤する。
kanji_w241	てんかん
kanji_e241	最近疲れたので、気分転換が必要だ。
kanji_w242	こうかん
kanji_w243	こうたい
kanji_w244	こうか
kanji_e244	が現れる。
kanji_w245	こうよう
kanji_e245	の効用を説明する。
kanji_w246	ようと
kanji_e246	この機械は用途が限られている。
kanji_w247	きょうよう
kanji_w248	いんよう
kanji_e248	彼の論文は多くの文献を引用している。
kanji_w249	さいよう
kanji_w250	せんよう
kanji_e250	こちらは障害者専用の駐車場です。
kanji_w251	せんぞく
kanji_e251	：逑位歌手是我介唱片公司的この歌手はうちのレコード会社専属だ。
kanji_w252	せんねん
kanji_w253	ずじょう
kanji_e253	を鳥が飛び交う。
kanji_w254	めうえ
kanji_e254	目上に対する言葉遣いに気をつける。
kanji_w255	やくめ
kanji_e255	を果たす。
kanji_w256	めじるし
kanji_e256	目印をつける。
kanji_w257	ちゅうもく
kanji_w258	ちゅうもん
kanji_w259	もんく
kanji_e259	を言う。
kanji_w260	ぐち
kanji_e260	愚痴をこぼす。
kanji_w261	めやす
kanji_e261	合格の目安は60点だ。
kanji_w262	もくひょう
kanji_e262	に向かって努力する。
kanji_w263	ひょうしき
kanji_e263	非常口の標識を確認する。
kanji_w264	ちしき
kanji_e264	な知識を持つ。
kanji_w265	しょうち
kanji_w266	そち
kanji_e266	一時的な措置で対応する。
kanji_w267	しょち
kanji_e267	適切な処置を取る。
kanji_w268	しょり
kanji_e268	コンピューターが情報を処理する。
kanji_w269	しゅうり
kanji_w270	むり
kanji_e270	その要求は無理だ。
kanji_w271	りろん
kanji_e271	新しい理論を提唱（ていしょう）する。
kanji_w272	ろんそう
kanji_w273	とうろん
kanji_w274	けんとう
kanji_w275	けんさ
kanji_w276	こうちょう
kanji_e276	売れ行きが好調だ。
kanji_w277	ちょうせい
kanji_e277	スケジュールを調整する。
kanji_w278	せいび
kanji_w279	ちょうせつ
kanji_w280	せつやく
kanji_w281	よやく
kanji_e281	あのレストランはとても人気で、予約でいっぱいだ。
kanji_w282	よほう
kanji_w283	よかん
kanji_w284	よしゅう
kanji_w285	よそく
kanji_w286	かんそく
kanji_w287	ていちゃく
kanji_w288	かてい
kanji_w289	げんてい
kanji_w290	せいげん
kanji_w291	げんかい
kanji_e291	の限界を知る。
kanji_w292	してい
kanji_e292	資料を指定の形式で提出する。
kanji_w293	せってい
kanji_w294	けってい
kanji_e294	方針を決定する。
kanji_w295	かんじょう
kanji_e295	すみません、お勘定をお願いします。
kanji_w296	かくにん
kanji_w297	かくほ
kanji_w298	ほしょう
kanji_w299	ほぞん
kanji_w300	ほご
kanji_w301	かんご
kanji_w302	かいご
kanji_w303	しょうたい
kanji_e303	パーティーに招待する。
kanji_w304	きたい
kanji_w305	えんき
kanji_w306	ひとがら
kanji_e306	人柄に惹かれる。
kanji_w307	きゅうじん
kanji_e307	インターネットで求人する。
kanji_w308	ついきゅう
kanji_w309	ついか
kanji_w310	ぞうか
kanji_w311	ぞうだい
kanji_w312	おおごえ
kanji_e312	の大声に驚いた。
kanji_w313	へんこう
kanji_w314	かいぞう
kanji_w315	かいかく
kanji_e315	大胆な改革を断行する。
kanji_w316	ていせい
kanji_e316	文章の誤っている部分を訂正する。
kanji_w317	せいしき
kanji_e317	正式な場での振る舞いを学ぶ。
kanji_w318	ほそく
kanji_w319	こうほ
kanji_e319	から外れる。
kanji_w320	ほじょ
kanji_w321	ほじゅう
kanji_w322	かくじゅう
kanji_e322	サービスを拡充する。
kanji_w323	じゅうじつ
kanji_w324	じつげん
kanji_e324	長年の願いが実現した。
kanji_w325	じっし
kanji_e325	アンケートを実施する。
kanji_w326	じっせん
kanji_e326	実践を通じて学ぶ。
kanji_w327	じっかん
kanji_e327	の事件で、語学力の重要性を実感した。
kanji_w328	じじつ
kanji_e328	くべき事実が明らかになった。倞人的事笑明閉了。
kanji_w329	じっさい
kanji_e329	実際に試してみる。
kanji_w330	まぎわ
kanji_e330	出発間際に、妹から電話がかかってきた。
kanji_w331	なかま
kanji_e331	に入れる。
kanji_w332	ひるま
kanji_e332	のうちに済ませる。
kanji_w333	やかん
kanji_e333	でも照明で明るい。
kanji_w334	かんかく
kanji_e334	一定の間隔を置く。
kanji_w335	せけん
kanji_e335	世間の目が厳しい。
kanji_w336	しゅつせ
kanji_e336	出世を願う。
kanji_w337	はいしゅつ
kanji_e337	この大学は多くのノーベル賞受賞者を輩出している。
kanji_w338	しんしゅつ
kanji_w339	ぞくしゅつ
kanji_e339	被害者が続出する。
kanji_w340	じぞく
kanji_w341	けいぞく
kanji_e341	事業を継続するかどうか検討中だ。
kanji_w342	せつぞく
kanji_e342	パソコンをインターネットに接続する。
kanji_w343	ちょくせつ
kanji_e343	に直接尋ねる。
kanji_w344	ちょくご
kanji_e344	の直後は運動しないほうがいい。
kanji_w345	ごじつ
kanji_e345	は後日連絡します。
kanji_w346	しゅうじつ
kanji_e346	この施設は終日利用可能だ。
kanji_w347	へいじつ
kanji_e347	の営業時間は9時から5時までだ。
kanji_w348	きゅうじつ
kanji_e348	は家族と過ごす。
kanji_w349	にっか
kanji_e349	の学習を日課にしている。
kanji_w350	とうじつ
kanji_e350	は緊張する。
kanji_w351	とうぜん
kanji_e351	当然すべきことをしたまでだ。
kanji_w352	そうとう
kanji_e352	られない。
kanji_w353	そうご
kanji_e353	を深める。
kanji_w354	相談
kanji_w355	そうい
kanji_w356	いはん
kanji_e356	規則に違反する。
kanji_w357	はんこう
kanji_e357	太郎は今親に反抗する年頃（としごろ）だ。
kanji_w358	はんえい
kanji_e358	時代の変化がデザインに反映されている。
kanji_w359	はんせい
kanji_e359	過ち（あやまち）を反省し、もうニった。
kanji_w360	しょうりゃ
kanji_e360	詳細な説明を省略する。
kanji_w361	かんりゃく
kanji_w362	かんけつ
kanji_e362	の説明はいつも簡潔だ。
kanji_w363	たんじゅん
kanji_e363	な考え方。
kanji_w364	いっせい
kanji_e364	が一斉に立ち上がる。
kanji_w365	せいいっぱ
kanji_e365	する。
kanji_w366	いっしょう
kanji_e366	一生懸命勉強する。
kanji_w367	ゆいいつ
kanji_e367	父の唯一の趣味は切手収集だ。
kanji_w368	とういつ
kanji_w369	でんとう
kanji_e369	を守る。
kanji_w370	せんでん
kanji_w371	でんたつ
kanji_w372	たっせい
kanji_w373	じょうたつ
kanji_w374	じょうい
kanji_w375	じょうしょ
kanji_e375	気温が上昇する。
kanji_w376	おくじょう
kanji_e376	から景色を眺める。
kanji_w377	こうじょう
kanji_w378	じょうじゅ
kanji_e378	に完成予定だ。
kanji_w379	げじゅん
kanji_e379	になると忙しくなる。
kanji_w380	げり
kanji_e380	食べ物にあたって、下痢がとまらない。
kanji_w381	ていれ
kanji_w382	てあて
kanji_e382	交通手当は会社によって金額が異なります。
kanji_w383	てま
kanji_e383	この料理は手間がかからない。
kanji_w384	てきど
kanji_e384	な距離を保つ。
kanji_w385	てきせつ
kanji_e385	な判断ができなかった。
kanji_w386	てきおう
kanji_w387	おうえん
kanji_w388	じょげん
kanji_w389	ごい
kanji_e389	基本語彙を覚える。
kanji_w390	げんざいり
kanji_e390	の品質をチェックする。
kanji_w391	しゅざい
kanji_w392	しろうと
kanji_e392	素人と玄人（くろうと）の差。
kanji_w393	すがお
kanji_e393	素顔のままでいる。
kanji_w394	すあし
kanji_e394	で砂浜を散歩する。
kanji_w395	あしもと
kanji_e395	に注意する。
kanji_w396	ふそく
kanji_e396	人手（ひとで）不足で困っている。
kanji_w397	いと
kanji_e397	の意図を読み取る。
kanji_w398	あくい
kanji_e398	の言葉には悪意が感じられた。
kanji_w399	いよく
kanji_e399	が高い。
kanji_w400	ごうい
kanji_e400	相手企業と忍耐（にんたい）強く交
kanji_w401	がっぺい
kanji_e401	けい）の合意にこぎつけた。二つの企業が合併した。
kanji_w402	あいず
kanji_w403	ぐあい
kanji_e403	の具合が悪い。
kanji_w404	つごう
kanji_e404	の都合ばかり考える。
kanji_w405	きげん
kanji_e405	がいい。
kanji_w406	かいけん
kanji_w407	ざつだん
kanji_w408	こんざつ
kanji_w409	こんらん
kanji_w410	らんぼう
kanji_e410	い。乱暴な言葉遣いは控えてくださ
kanji_w411	ぼうさい
kanji_e411	防災訓練を行う。
kanji_w412	さいがい
kanji_e412	な災害が発生した。
kanji_w413	ひがい
kanji_e413	の台風上陸の被害は全国各に及（およ）んだ。
kanji_w414	そんがい
kanji_e414	ばいしょう）を請求（せいきゅう）する。
kanji_w415	しょうがい
kanji_e415	障害を乗り越える。
kanji_w416	げんしょう
kanji_e416	として注目される。
kanji_w417	げんじょう
kanji_e417	を分析する。
kanji_w418	じょうたい
kanji_w419	ひょうげん
kanji_w420	ひょうめん
kanji_e420	の表面だけを見る。
kanji_w421	がめん
kanji_e421	テレビの画面が映らない。
kanji_w422	きかく
kanji_w423	けいかく
kanji_w424	めんどう
kanji_w425	みっせつ
kanji_e425	この問題は環境問題と密接だ。
kanji_w426	ひみつ
kanji_e426	を守る。
kanji_w427	ひっし
kanji_e427	に働く。
kanji_w428	ひつよう
kanji_w429	よっきゅう
kanji_e429	を満たす。
kanji_w430	かくちょう
kanji_w431	きんちょう
kanji_w432	きんぱく
verb_w0	きそう
verb_e0	を目指して競う。
verb_w1	あらそう
verb_e1	優勝を争う。
verb_w2	あらがう
verb_e2	運命に抗う。
verb_w3	ねらう
verb_e3	を狙って練習する。
verb_w4	したがう
verb_e4	に従う。
verb_w5	うかがう
verb_e5	お宅に伺います。
verb_w6	かまう
verb_w7	むくう
verb_e7	が報われる。彼には敵わない。
verb_w8	あつかう
verb_e8	客を丁寧に扱う。
verb_w9	そろう
verb_e9	条件が揃う。
verb_w10	たたかう
verb_e10	敵と戦う。
verb_w11	うばう
verb_e11	時間を奪う。
verb_w12	すくう
verb_e12	困っている人を救う。
verb_w13	かばう
verb_e13	を庇う。
verb_w14	ひろう
verb_e14	ゴミを拾う。
verb_w15	うたがう
verb_e15	真実を疑う。
verb_w16	おおう
verb_e16	雪が地面を覆う。
verb_w17	やしなう
verb_e17	習慣を養う。
verb_w18	おぎなう
verb_e18	欠点を補う。
verb_w19	はう
verb_e19	赤ちゃんが違う。
verb_w20	やとう
verb_e20	アルバイトを雇う。
verb_w21	ともなう
verb_e21	危険を伴う。
verb_w22	うやまう
verb_e22	先生を散う。
verb_w23	いわう
verb_e23	誕生日を祝う。
verb_w24	うらなう
verb_e24	ト未来を占う。
verb_w25	こう
verb_e25	許しを請う。
verb_w26	さそう
verb_e26	食事に誘う。
verb_w27	はらう
verb_e27	お金を払う。
verb_w28	になう
verb_e28	責任を担う。
verb_w29	からかう
verb_e29	子供をからかうのはやめなさい。
verb_w30	たつ
verb_e30	時間が経つ。
verb_w31	そだつ
verb_e31	子供が育つ。
verb_w32	たもつ
verb_e32	健康を保つ。
verb_w33	うなずく
verb_e33	理解して頷く。
verb_w34	おどろく
verb_e34	突然の音に驚く。
verb_w35	あばく
verb_e35	スキャンダルを振く。
verb_w36	きずく
verb_e36	信頼関係を築く。
verb_w37	きずつく
verb_e37	心が傷つく。
verb_w38	ささやく
verb_e38	耳元で囁く。
verb_w39	かわく
verb_e39	喉が乾く。
verb_w40	うく
verb_e40	雲が浮く。
verb_w41	のぞく
verb_e41	彼を除いて全員費成だ。
verb_w42	ぬく
verb_e42	剣を抜く。
verb_w43	みちびく
verb_e43	を導く。
verb_w44	ふく
verb_e44	汗を拭く。
verb_w45	はぶく
verb_e45	細かい説明を省く。
verb_w46	うつむく
verb_e46	ずかしそうに俯く。
verb_w47	かたむっく
verb_e47	バランスが傾く。
verb_w48	まねく
verb_e48	誤解を招く発言は避けた方がいい。
verb_w49	ひびく
verb_e49	彼の言葉が胸に響く。
verb_w50	つまずく
verb_e50	困難に躓いても諦めない。
verb_w51	ながびく
verb_e51	会議が長引く。
verb_w52	さわぐ
verb_e52	酒に酔って騒ぐ。
verb_w53	またぐ
verb_e53	溝を跨ぐ。
verb_w54	ふさぐ
verb_e54	道が塞ぐ。
verb_w55	あいつぐ
verb_e55	事故が相次ぐ。
verb_w56	そそぐ
verb_e56	コップに水を注ぐ。
verb_w57	かす
verb_e57	お金を貸す。
verb_w58	さす
verb_e58	針で刺す。
verb_w59	ゆるす
verb_e59	ちを許す。
verb_w60	はなす
verb_e60	を離す。
verb_w61	こわす
verb_e61	おもちゃを壊す。
verb_w62	はずす
verb_e62	眼鏡を外す。
verb_w63	たす
verb_e63	説明を足す。
verb_w64	やくす
verb_e64	英語を日本語に訳す。
verb_w65	かくす
verb_e65	事実を隠す。
verb_w66	りゃくす
verb_e66	詳細を略す。
verb_w67	なおす
verb_e67	誤りを直す。
verb_w68	さがす
verb_e68	仕事を探す。
verb_w69	たおす
verb_e69	敵を倒す。
verb_w70	くずす
verb_e70	まとまった金をす。
verb_w71	つぶす
verb_e71	時間を潰す。
verb_w72	うながす
verb_e72	注意を促す。
verb_w73	ためす
verb_e73	方法を試す。
verb_w74	ほす
verb_e74	洗濯物を干す。
verb_w75	はたす
verb_e75	役割を果たす。
verb_w76	あまやかす
verb_e76	子供を甘やかす。
verb_w77	めざす
verb_e77	カ目大学を目指して勉強する。
verb_w78	くらす
verb_e78	一人で質素（しっそ）に暮らしている。
verb_w79	おとす
verb_e79	コップを落とす。
verb_w80	へらす
verb_e80	体重を減らす。
verb_w81	なくす
verb_e81	財布をなくす。
verb_w82	のばす
verb_e82	を延ばす。
verb_w83	かかす
verb_e83	を欠かす。
verb_w84	ちらかす
verb_e84	部屋を散らかす。
verb_w85	せまる
verb_w86	いじる
verb_e86	髪を弄る。
verb_w87	もぐる
verb_e87	海に潜る。
verb_w88	おこたる
verb_e88	仕事を怠って叱られる。
verb_w89	はさむ
verb_e89	箸で食べ物を挟む。
verb_w90	かがむ
verb_e90	物を拾おうと屈む。
verb_w91	いたむ
verb_e91	果物が傷む。
verb_w92	こばむ
verb_e92	要求を拒む。
verb_w93	つつむ
verb_e93	贈り物を包む。
verb_w94	なやむ
verb_e94	人間関係で悩む。
verb_w95	にくむ
verb_e95	敵を憎む。
verb_w96	7
verb_e96	を汲む。
verb_w97	くむ
verb_e97	スケジュールを組む。
verb_w98	たたむ
verb_e98	洗濯物を畳む。
verb_w99	きざむ
verb_e99	を細かく刻む。
verb_w100	しぼむ
verb_e100	が萎む。
verb_w101	ちぢむ
verb_e101	距離が縮む。
verb_w102	にらむ
verb_e102	け犯人を睨む。
verb_w103	うらむ
verb_e103	人を恨む。
verb_w104	くやむ
verb_e104	失敗を悔やむ。
verb_w105	おとる
verb_e105	彼には劣らない。
verb_w106	かぶる
verb_e106	帽子を被る。
verb_w107	つかむ
verb_e107	チャンスを掴む。
verb_w108	よろこぶ
verb_e108	喜んで協力する。
verb_w109	むすぶ
verb_e109	契約を結ぶ。
verb_w110	かたる
verb_e110	真実を語る。
verb_w111	こおる
verb_e111	水が凍る。
verb_w112	にごる
verb_e112	水が濁る。
verb_w113	える
verb_e113	許可を得る。
verb_w114	しばる
verb_e114	紐（ひも）で縛る。
verb_w115	にぎる
verb_e115	手を握る。
verb_w116	かぎる
verb_e116	限られた資源。
verb_w117	ほる
verb_e117	穴を掘る。
verb_w118	しぼる
verb_e118	タオルを絞る。
verb_w119	なおる
verb_e119	けがが治る。
verb_w120	くもる
verb_e120	空が曇る。
verb_w121	あせる
verb_e121	結果を焦る。
verb_w122	よる
verb_e122	近くに寄ってみる
verb_w123	いたる
verb_e123	に至る。
verb_w124	あやまる
verb_e124	判断を誤る。
verb_w125	いのる
verb_e125	平安を祈る。
verb_w126	まもる
verb_e126	約束を守る。
verb_w127	おる
verb_e127	枝を折る。
verb_w128	とがる
verb_e128	鈴筆の先が笑る。
verb_w129	くさる
verb_e129	食べ物が腐る。
verb_w130	けずる
verb_e130	っ予算を削る。
verb_w131	ゆずる
verb_e131	席を譲る。
verb_w132	たよる
verb_e132	頼りになる。
verb_w133	よごれる
verb_e133	が汚れる。
verb_w134	なれる
verb_e134	に慣れる。
verb_w135	たおれる
verb_e135	が倒れる。
verb_w136	くずれる
verb_e136	崖が崩れたせいで道路が通行止めになった。
verb_w137	やぶれる
verb_e137	が破れた。
verb_w138	やぶれる
verb_e138	に敗れる。
verb_w139	あこがれる
verb_e139	に憶れる。
verb_w140	おれる
verb_e140	が折れる。
verb_w141	おとずれる
verb_e141	が訪れる。
verb_w142	しおれる
verb_e142	がれる。
verb_w143	かれる
verb_e143	木が枯れる。
verb_w144	しびれる
verb_e144	足が連れる。
verb_w145	あれる
verb_e145	が荒れる。
verb_w146	あふれる
verb_e146	水が溢れる。
verb_w147	おぼれる
verb_e147	で溺れる。
verb_w148	すれる
verb_e148	話がずれる。
verb_w149	あきれる
verb_e149	彼の無知には呆れる。
verb_w150	みだれる
verb_e150	秩序（ちつじょ）が乱れる。
verb_w151	あばれる
verb_e151	酒に酔って暴れる。
verb_w152	くたびれる
verb_e152	一日中歩いて草れる。
verb_w153	いだく
verb_e153	を抱く。
verb_w154	かかえる
verb_e154	借金を抱える。
verb_w155	そなえる
verb_e155	に備える。
verb_w156	そなえる
verb_e156	を供える。
verb_w157	おとろえる
verb_e157	体力が衰える。
verb_w158	ととのえる
verb_e158	準備をえる。
verb_w159	こしらえる
verb_e159	を拵える。
verb_w160	うったえる
verb_e160	を訴える。
verb_w161	たくわえる
verb_e161	知識を蓄える。
verb_w162	はえる
verb_e162	草が生える。
verb_w163	ささえる
verb_e163	を支える。
verb_w164	おさえる
verb_e164	を抑える。
verb_w165	ひえる
verb_e165	関係が冷える。
verb_w166	あたえる
verb_e166	影響を与える。
verb_w167	とらえる
verb_e167	を捕らえる。
verb_w168	さだめる
verb_e168	規則を定める。
verb_w169	おさめる
verb_e169	を納める。
verb_w170	なぐさめる
verb_e170	友人を慰める。
verb_w171	かためる
verb_e171	を固める。
verb_w172	しめる
verb_e172	市場を占める。
verb_w173	せめる
verb_e173	自分を責める。
verb_w174	うめる
verb_e174	穴を埋める。
verb_w175	つとめる
verb_e175	議長を務める。
verb_w176	あきらめる
verb_e176	夢を諦める。
verb_w177	ちぢめる
verb_e177	距離を縮める。
verb_w178	おそわる
verb_e178	先生に教わる。
verb_w179	さずける
verb_e179	知識を授ける。
verb_w180	かたむける
verb_e180	を傾ける。
verb_w181	なまける
verb_e181	仕事を怠ける。
verb_w182	すてる
verb_e182	ゴミを捨てる。
verb_w183	あわてる
verb_e183	火事で慌てる。
verb_w184	たばねる
verb_e184	髪を束ねる。
verb_w185	はねる
verb_e185	て水が跳ねる。
verb_w186	あずける
verb_e186	貴重品はフロントに預けてください。
verb_w187	あずかる
verb_e187	友人の猫を預かっている。
verb_w188	ちらかる
verb_e188	なものがすぐに見つから資料が机の上に散らかっていてない。
verb_w189	かわいがる
verb_e189	おばあちゃんは孫をとても可愛がっている。
verb_w190	こわがる
verb_e190	子供は暗闇を怖がって一人で寝られない。
verb_w191	あたる
verb_e191	天気予報が当たって、午後から雨が降り出した。
verb_w192	ふくまれる
verb_e192	この言葉には深い意味が含まれている。
verb_w193	つかまえる
verb_e193	はやっと犯人を捕まえた。
verb_w194	たまる
verb_e194	ストレスが溜まる。
verb_w195	めぐまれる
verb_e195	資源に恵まれる。
verb_w196	つまる
verb_e196	スケジュールが詰まっていて、休む暇がない。
verb_w197	うまる
verb_e197	で道が埋まってしまった。
verb_w198	いばる
verb_e198	少し成功したからって威張るな。
verb_w199	そそる
verb_e199	食欲をそそる。
verb_w200	あきる
verb_e200	同じ料理ばかりで飽きてしまった。
verb_w201	つきる
verb_e201	携帯の電池が尽きそうだ。
verb_w202	うらぎる
verb_e202	頼を裏切るような行為は許せない。
verb_w203	さびる
verb_e203	雨に濡れた自転車が錆びてしまった。
verb_w204	しつける
verb_e204	子供を躾ける。
verb_w205	ぶつける
verb_e205	ボールを壁にぶつける。
verb_w206	ふざける
verb_e206	ふざけるな、真面目にやれ。
verb_w207	とだえる
verb_e207	連絡が途絶える。
verb_w208	ことづける
verb_e208	伝言を言づける。
verb_w209	おもいつく
verb_e209	解決策を思いつくまで、あきらめてはいけない。
verb_w210	くっつく
verb_e210	糊がくっつく。
verb_w211	むかつく
verb_e211	あいつには本当にむかつく。
verb_w212	くっつける
verb_e212	シールをくっつける。
verb_w213	やっつける
verb_e213	をやっつける。
verb_w214	すれちがう
verb_e214	で擦れ違う。②意見が擦れ違う。
verb_w215	とりけす
verb_e215	予約を取り消す。
verb_w216	ひきうける
verb_e216	仕事を引き受ける。
verb_w217	ひっかかる
verb_e217	服が釘に引っ掛かって破れてしまった。
verb_w218	る
verb_e218	道で見知らぬ人に話しかけられた。
verb_w219	おいかける
verb_e219	げていく犯人を必死で追いかけた。
verb_w220	おちつく
verb_e220	まずは落ち着いて状況を説明してください。
verb_w221	おちこむ
verb_e221	業績が悪化し、社内の雰囲気が落ち込んでいる。
verb_w222	つめこむ
verb_e222	スーツケースにたくさんの荷物を詰め込んだ。
verb_w223	わりこむ
verb_e223	列に割り込むのはマナー違反だ。
verb_w224	つっこむ
verb_e224	もっと突っ込んだ議論が必要だ。
verb_w225	おいこむ
verb_e225	借金が彼を絶望に追い込んだ。
verb_w226	おもいこむ
verb_e226	嘘を本当と思い込む。
verb_w227	溶け込む
verb_e227	新しい環境に溶け込む。
verb_w228	みはる
verb_e228	犯人が戻ってくるかもしれないので、家を見張っていよう。
verb_w229	みわたす
verb_e229	山頂から町全体を見渡すことができる。
verb_w230	みわける
verb_e230	本物（ほんもの）と係物（にせもの）を見分けるのは難しい。
verb_w231	おもいだす
verb_e231	の名前をやっと思い出した。
verb_w232	さしひく
verb_e232	を差し引く。
verb_w233	さしつかえ
verb_e233	もし差し支えなければ、お名前を教えてください。
verb_w234	いれかえる
verb_e234	の空気を入れ替えましょう。
verb_w235	かかわりあ
verb_e235	現代社会では、人々が深く関わりあっている。
verb_w236	かいしめる
verb_e236	パニックでトイレットペーパーを買い占める人が出た。
verb_w237	よびとめる
verb_e237	道で知り合いを見つけて呼び止めた。
verb_w238	ふりかえる
verb_e238	を呼ばれて振り返った。
verb_w239	つけくわえ
verb_e239	一言付け加えてもいいですか。
verb_w240	とりいれる
verb_e240	新しい技術を積極的に取り入れる。
verb_w241	とりあつか
verb_e241	この機械は慎重に取り扱ってください。
verb_w242	っとりくむ
verb_e242	カ从事
verb_w243	うけいれる
verb_e243	しい考え方を受け入れる。
verb_w244	うけもつ
verb_e244	このクラスの英語を受け持っている。
verb_w245	ひきとめる
verb_e245	響官に引き止められて事情を聞かれた。
verb_w246	ききとる
verb_e246	騒音で相手の声がうまく聞き取れない。
verb_w247	ふりむく
verb_e247	ろから呼ばれて振り向いた。
verb_w248	とおりかか
verb_e248	通りかかった人が助けてくれた。
verb_w249	とおりすぎ
verb_e249	彼の家の前を通り過ぎるたびに思い出す。
verb_w250	たてかえる
verb_e250	後で返すから、少し立て替えてくれない？
verb_w251	かきとめる
verb_e251	重要なポイントをノートに書き留めた。
verb_w252	はらいもど
verb_e252	コンサートが中止になり、チケット代金が払い戻された。
verb_w253	だきしめる
verb_e253	は子供を強く抱きしめた。
verb_w254	おしよせる
verb_e254	の発売日に客が店に押し寄せた。
verb_w255	のりこえる
verb_e255	困難を乗り越える。
verb_w256	おもいきる
verb_e256	思い切って告白する。
verb_w257	あてはまる
verb_e257	この例には当てはまらない。
verb_w258	うちけす
verb_e258	噂を打ち消す。
verb_w259	うちあわせ
verb_e259	事前に打ち合わせる。
verb_w260	る
verb_e260	事務所に問い合わせる。
verb_w261	はりきる
verb_e261	張り切って働く。
verb_w262	しあげる
verb_e262	期限までに仕上げる。
adj_w0	つらい
adj_e0	この仕事のノルマはとても辛い。
adj_w1	ずるい
adj_e1	い手段を使って勝つのは恥ずかしい。
adj_w2	にがい
adj_w3	うすい
adj_e3	の記憶は次第に薄れていった。
adj_w4	こい
adj_e4	は濃いコーヒーが好きだ。
adj_w5	しぶい
adj_e5	この柿はまだ没い。
adj_w6	くさい
adj_e6	ゴミを捨て忘れて臭くなった。
adj_w7	ぬるい
adj_e7	お茶が温くなってしまった。
adj_w8	あらい
adj_e8	波が荒くて船が出せない。
adj_w9	かたい
adj_e9	ブ彼は固い念の持ち主だ。
adj_w10	ひどい
adj_e10	そんな酷いことを言わないで。
adj_w11	かしこい
adj_e11	あの犬はとても買い。
adj_w12	あさい
adj_e12	彼はまだ経験が浅い。
adj_w13	おさない
adj_w14	こわい
adj_e14	夜道を一人で歩くのは怖い。
adj_w15	にくい
adj_e15	人を騙すなんて憎い行為だ。
adj_w16	こころよい
adj_w17	ゆるい
adj_e17	ネクタイの結び目が緩い。
adj_w18	にぶい
adj_e18	この包丁は鈍くてよく切れない。
adj_w19	のろい
adj_e19	鈍い動きで周りに迷惑をかける。効作退緩、給周囲人添麻類。
adj_w20	みにくい
adj_e20	遺産（いさん）を巡（めぐ）る兄弟の醜（みにく）い手（あらそ）いが起こった。
adj_w21	するどい
adj_w22	くどい
adj_e22	②味付け（あじつけ）がくどい。
adj_w23	ずるい
adj_e23	テストでカンニングするなんてずるい。
adj_w24	きつい
adj_e24	この靴はきつくて足が痛い。
adj_w25	あやうい
adj_e25	危うく事故に遭うところだった。
adj_w26	ちからづよ
adj_e26	の言葉に力強さを感じた。
adj_w27	ぶあつい
adj_e27	彼は分厚い本を読んでいる。
adj_w28	うすぐらい
adj_e28	薄暗い部屋で本を読むと目が悪くなる。
adj_w29	こころよわ
adj_e29	彼女は心弱く、すぐに挫（くじ）けてしまう。
adj_w30	こころづよ
adj_e30	が味方になってくれるとは心強い。
adj_w31	こころほそ
adj_e31	初めての海外旅行で心細い。
adj_w32	きよわ
adj_e32	は気弱な性格なので自分の意見が言えない。
adj_w33	きづよい
adj_e33	なリーダーがいて気強い。
adj_w34	こんきづよ
adj_e34	い努力が実を結んだ。
adj_w35	いじわるい
adj_e35	意地悪い質問をされて困った。
adj_w36	めんどうく
adj_e36	この手続きは面倒臭い。
adj_w37	むしあつい
adj_e37	雨が降る前は蒸し暑くなる。
adj_w38	めでたい めでたい
adj_e38	いことだ。結婚おめでとう、本当にめでた
adj_w39	しつこい しつこい
adj_e39	しっこい営業にはうんざりだ。
adj_w40	かっこいい
adj_w41	くやしい
adj_e41	あの時の失敗が今でも悔しい。
adj_w42	いちじるし
adj_e42	彼の成長は著しい。
adj_w43	まぶしい
adj_e43	の光が眩しくてまぶたを閉じた。
adj_w44	めずらしい
adj_e44	彼が遅刻するなんて珍しい。
adj_w45	したしい
adj_e45	彼とは学生時代から親しい。
adj_w46	さびしい
adj_e46	一人暮らしは時に寂しい。
adj_w47	おしい
adj_e47	あと一点で勝てたのに、本当にしい。
adj_w48	むなしい
adj_e48	この世は虚しい。
adj_w49	くわしい
adj_e49	彼は日本の歴史に詳しい。
adj_w50	まずしい
adj_e50	彼は貸しい家に生まれた。
adj_w51	とぼしい
adj_e51	経験が乏しい。
adj_w52	たくましい
adj_e52	困難に負けない逞しい精神。
adj_w53	ひとしい
adj_e53	の行動は詐欺（さぎ）に等しい。
adj_w54	けわしい
adj_e54	険しい山道を登る。
adj_w55	はげしい
adj_w56	あやしい
adj_e56	しい男が外でうろうろしている。
adj_w57	おかしい
adj_w58	おとなしい
adj_e58	しい子だと思ったら、意外に活発だった。
adj_w59	ふさわしい
adj_w60	おそろしい
adj_w61	なつかしい
adj_e61	の頃の写真を見ると懐かしい。
adj_w62	かがやかし
adj_e62	彼は輝かしい経歴の持ち主だ。
adj_w63	はなはだし
adj_e63	の実力差は甚だしい。
adj_w64	おもくるし
adj_e64	重苦しい雰囲気が漂っている。
adj_w65	いたましい
adj_e65	ましい事故のニュースに胸が痛む。
adj_w66	いさましい
adj_e66	彼女のましい発言に励まされた。
adj_w67	うらやまし
adj_e67	彼の成功が羨ましい。
adj_w68	めざましい
adj_e68	彼は目覚ましい発展を遂げた。
adj_w69	よわよわし
adj_e69	は弱々しい声で話した。
adj_w70	やかましい
adj_e70	子供たちが喧しくて困る。
adj_w71	さわがしい
adj_w72	そうぞうし
adj_e72	騒々しい子供たちが走り回っている。
adj_w73	ずうずうし
adj_e73	人の物を平気で使うなんて図々しい。
adj_w74	あつかまし
adj_e74	厚かましいお願いで恐縮ですが…。
adj_w75	はずかしい
adj_e75	人前で話すのは恥ずかしい。
adj_w76	にくらしい
adj_e76	あいつの顔を見るだけで憎らしい。
adj_w77	たのもしい
adj_e77	は若いがとても頼もしい。
adj_w78	ばからしい
adj_e78	そんな馬鹿らしい計画はやめろ。停止那种患益的汁効吧。
adj_w79	あわただし
adj_w80	い
adj_e80	はそそっかしくて、よく物を忘れる。
adj_w81	だらしない
adj_e81	①部屋はだらしなく散らかっている。②金にだらしない。
adj_w82	つまらない
adj_e82	つまらないことで争う。
adj_w83	しかたない
adj_e83	雨で試合が中止になるのはしかたない。
adj_w84	あぶない
adj_e84	その橋は壊れていて危ない。
adj_w85	かぎりない
adj_e85	彼女には限りない可能性がある。
adj_w86	もったいな
adj_e86	食べ物を捨てるのは勿体ない。
adj_w87	なさけない
adj_e87	試合に負けて情けない。
adj_w88	い
adj_e88	やむをえない事情で欠席する。
adj_w89	みっともな
adj_e89	みっともないところを見られて恥ずかしい。
adj_w90	とんでもな
adj_w91	思い掛け
adj_e91	人生は思い掛けないことばかりだ。
adj_w92	い
adj_e92	か物足りない。彼の演奏は技術的には完璧だが
adj_w93	ゆたか
adj_e93	この国は天然資源が豊かだ。
adj_w94	あきらか
adj_e94	彼の無実（むじつ）は明らかだ。
adj_w95	なめらか
adj_e95	ちゃんの肌は滑らかだ。
adj_w96	なだらか なだらか
adj_w97	やわらか
adj_e97	らかな声で話す。（神充）このパンはとても柔らかい。
adj_w98	こまやか
adj_e98	は細やかな心遣いができる。
adj_w99	ゆるやか
adj_e99	規制が緩やかになる。
adj_w100	なごやか
adj_e100	は和やかな雰囲気で行われた。
adj_w101	おだやか
adj_w102	はれやか
adj_e102	が晴れやかになる。
adj_w103	さわやか
adj_e103	朝の空気は爽やかだ。
adj_w104	あざやか
adj_e104	やかな記憶がよみがえる。
adj_w105	おおまか
adj_e105	大まかな計画を立てる。
adj_w106	おおざっぱ
adj_e106	彼の仕事は大ざっぽだ。
adj_w107	おおげさ
adj_e107	はいつも大げさに話す。
adj_w108	おしゃれ
adj_e108	彼はおしゃれな服を着ている。
adj_w109	あやふや
adj_e109	彼の返事はあやふやだ。
adj_w110	いや
adj_w111	まれ
adj_e111	これは稀にしか見られない現象だ。
adj_w112	かって
adj_w113	りこう
adj_e113	は利口な子だ。
adj_w114	ふくざつ
adj_e114	機械の構造が複雑である。
adj_w115	びんかん
adj_e115	えない。
adj_w116	慎重
adj_e116	に計画を進める。
adj_w117	そまつ
adj_e117	物を粗末に扱うな。
adj_w118	だとう
adj_e118	妥当な解決策を見いだす。
adj_w119	みごと
adj_e119	は見事に成功した。
adj_w120	はで
adj_e120	はいつも派手な服を着ている。
adj_w121	じみ
adj_w122	ひきょう
adj_e122	人の弱みに付け込むとは卑法だ。利用別人的弱点是卑鄙的。
adj_w123	ぶっそう
adj_e123	この辺りは夜が物騒だ。
adj_w124	みじめ
adj_e124	めな負け方をした。
adj_w125	やっかい
adj_e125	厄介な問題が発生した。
adj_w126	かいてき
adj_e126	快適な空間を作り出す。
adj_w127	きよう
adj_e127	は手先（てさき）が器用だ。她的手很巧。
adj_w128	ごういん
adj_e128	強引に契約を結ばせる。
adj_w129	しょうじき
adj_e129	に言うと、あまり好きじゃない。
adj_w130	げひん
adj_e130	下品な言葉遣いはやめろ。
adj_w131	じょうひん
adj_e131	上品に振る舞う。
adj_w132	じょうず
adj_e132	彼女はピアノが上手だ。
adj_w133	へた
adj_e133	で話すのは下手なので緊張する。
adj_w134	そっちょく
adj_e134	率直な感想を聞かせてください。
adj_w135	しんけん
adj_e135	に討論する。
adj_w136	しっそ
adj_e136	な生活を送る。
adj_w137	すなお
adj_e137	に意見を受け入れる。
adj_w138	けいかい
adj_e138	なリズムに乗って踊る。
adj_w139	てがる
adj_e139	このアプリは手軽に使える。
adj_w140	てごろ
adj_e140	手頃な大きさのカバンを探している。
adj_w141	わがまま
adj_e141	わがままを言うのはもうやめて。別再任性了。
adj_w142	いがい
adj_e142	意外な結果に驚く。
adj_w143	どくとく
adj_e143	この料理には独特な風味がある。必道菜有独特的以味。
adj_w144	しんこく
adj_e144	地球温暖化が深刻な問題になっている。
adj_w145	りっぱ
adj_w146	のうこう
adj_e146	感染の可能性が濃厚である。
adj_w147	きゅうげき
adj_e147	の急激な変化についていけない。
adj_w148	よけい
adj_e148	①余計な心配をするな。なる。
adj_w149	きちょう
adj_e149	海外旅行中、貴重品（きちょうひん）は肌身（はだみ）離さず身につけるのが基本だ。
adj_w150	ゆうり
adj_e150	は我々に有利に展開した。
adj_w151	ゆうこう
adj_e151	カこの切符は今日限り有効だ。
adj_w152	かっぽつ
adj_e152	はクラスで一番活発だ。
adj_w153	たいくつ
adj_w154	ざんねん
adj_e154	明日の会議は残念ながら欠席します。
adj_w155	じゅんちょ
adj_e155	工事は順調に進んでいる。
adj_w156	おおはば
adj_e156	を大幅に削減する。
adj_w157	ようき
adj_w158	のんき
adj_e158	け香気だ。みんなが焦っているのに、彼だ
adj_w159	たんき
adj_e159	い。短気な人は細かい作業に向かな
adj_w160	きがる
adj_e160	か悩みがあったら、気軽に相談してください。
adj_w161	きらく
adj_e161	どうぞお気楽にしてください。
adj_w162	なまいき
adj_e162	だと思われるかもしれないが、意見を言わせてください。
adj_w163	きのどく
adj_e163	に遭ったって、本当に気の毒だ。
adj_w164	よくばり
adj_e164	りな人は結局損（そん）をする。
adj_w165	でたらめ
adj_e165	彼の言うことは全部出鱈目だ。
adj_w166	かわいそう
adj_e166	迷子の子犬を可哀想に思った。
adj_w167	ふしぎ
adj_e167	自然界には不思議なことがたくさんある。
adj_w168	いいかげん
adj_e168	の仕事はいつもいい加減だ。
adj_w169	あわれ
adj_e169	れな物語に胸を打たれた。
adj_w170	さかん
adj_e170	この地域では、学校の垣根（かきね）を越えた交流が盛（さか）んだ。
adj_w171	せっきょく
adj_e171	今年は猪突猛進（ちょとつもうしん）、何事（なにごと）にも積極的に取り組むつもりだ。
adj_w172	しょうきょ
adj_e172	彼女は消極的でなかなか意見を言わない。
adj_w173	あっとうて
adj_e173	圧倒的な勝利を収めた。
adj_w174	ちゅうしょ
adj_e174	彼の説明は抽象的でわかりにくい。
loan_w0	アウト
loan_e0	ボールがアウトになった。
loan_w1	アクシデ
loan_e1	アクシデントを未然に防ぐ対策が必要だ。
loan_w2	アクショ
loan_e2	彼のアクションはいつも素早い（すばやい）。
loan_w3	アピール appeal
loan_e3	カするかが課題だ。この商品の良さをどうアピール
loan_w4	チ
loan_e4	① 問題解決への新しいアプロー手を考える。②彼女にどうアプローチすべき
loan_w5	アポ
loan_e5	とアポを取る。か悩んでいる。
loan_w6	アマチュ
loan_e6	彼はプロではなく、アマチュアだ。
loan_w7	アルファ
loan_e7	子供にアルファベットを教える。教務子字母表。
loan_w8	アレルギ
loan_e8	花粉症はアレルギーの一種だ。
loan_w9	アレンジ arrange
loan_w10	イラスト
loan_e10	この本はイラストがたくさん入っている。
loan_w11	ール
loan_e11	このアプリは無料でインストールできる。
loan_w12	インタビ
loan_w13	インテリ
loan_e13	部屋のインテリアを考えるのが好きだ。
loan_w14	インパク
loan_e14	そのニュースは社会に大きなインパクトを与えた。
loan_w15	インフレ inflation
loan_e15	インフレが進んで物価が上がっている。
loan_w16	ウイルス virus
loan_e16	風邪のウイルスが流行している。
loan_w17	エネルギ
loan_e17	エネルギーを活用する。
loan_w18	エラー
loan_e18	簡単なエラーが重大な結果を招くことがある。
loan_w19	エンジン engine
loan_e19	車のエンジンがかからない。
loan_w20	オーバー over
loan_e20	①予算をオーバーしてしまった。②彼の話はいつもオーバーだ。
loan_w21	ガイド
loan_w22	カタログ catalogue
loan_e22	しい商品のカタログが届いた。
loan_w23	カテゴリ
loan_e23	をカテゴリー別に分類する。将商品投类別分类。
loan_w24	）
loan_e24	にカバーをかける。
loan_w25	カレンダ
loan_e25	壁にカレンダーを掛ける。
loan_w26	キャンセ
loan_e26	コンサートが雨でキャンセルになった。
loan_w27	キャンプ
loan_w28	クリア
loan_e28	をクリアする。
loan_w29	クリーニ
loan_e29	スーツをクリーニングに出す。
loan_w30	クリック click
loan_e30	広告をクリックするユーザー数が増えた。
loan_w31	ケア
loan_e31	は細かいところまでケアが行き届いている。
loan_w32	ゲスト
loan_e32	のゲストは有名な俳優だ。
loan_w33	コーチ
loan_e33	野球部のコーチを務める。
loan_w34	ゴール
loan_e34	にゴールを決めた。
loan_w35	コメント comment
loan_e35	の発言に対してコメントをえます。の動画に「素敵！」と
loan_w36	コレクシ
loan_e36	で貴重なコレクションをコメントを残した。見学する。
loan_w37	コンテス
loan_e37	コンテストに向けて作品を仕上げる。
loan_w38	コントロ
loan_e38	リモコンで温度をコントロールする。
loan_w39	サイン
loan_e39	契約書にサインする。
loan_w40	サポート support
loan_e40	彼のサポートがなければ成功しなかった。
loan_w41	：
loan_e41	スキーのシーズンがやってきた。滑害的季帯到了。
loan_w42	シート
loan_e42	の優先シートに座る。
loan_w43	ショック shock
loan_e43	彼女はショックを受けているようだ。
loan_w44	シリーズ series
loan_e44	この小説はシリーズものだ。
loan_w45	：
loan_e45	シンプルなデザインが好きだ。
loan_w46	スケジュ
loan_e46	スケジュールが詰まっている。
loan_w47	ステージ stage
loan_e47	プロジェクトは最終ステージに入った。
loan_w48	ステップ step
loan_e48	のステップに進む。
loan_w49	ストライ
loan_e49	ストライキで電車が止まった。
loan_w50	ストレス stress
loan_e50	のストレスがたまっている。
loan_w51	ストロー straw
loan_e51	ジュースをストローで飲む。
loan_w52	スピーチ speech
loan_e52	でスピーチをする。
loan_w53	スペース space
loan_e53	駐車スペースを確保する。
loan_w54	スマート smart
loan_e54	はスマートな体型をしている。
loan_w55	スムーズ smooth
loan_e55	プロジェクトがスムーズに進んでいる。
loan_w56	スライド slide
loan_e56	①プレゼンのスライドを作る。②物価の変動に応じて年金額をスライドさせる。
loan_w57	セット
loan_e57	①コーヒーカップのセットを買う。②目覚まし時計を7時にセットす
loan_w58	ゼミ
loan_e58	る。ゼミの発表準備で忙しい。
loan_w59	セロテー
loan_e59	セロテープで箱を閉じる。
loan_w60	センス
loan_e60	はファッションのセンスがいい。
loan_w61	ソフト
loan_e61	ソフトな口当たりのケーキ。
loan_w62	ターゲッ
loan_e62	この商品のターゲットは若い女遂个商品的目栐客戸是年軽
loan_w63	タイトル title
loan_e63	のタイトルを考える。
loan_w64	ダウン
loan_e64	気温がダウンする。
loan_w65	ダメージ damage
loan_e65	台風で家に大きなダメージを受けた。
loan_w66	タレント
loan_e66	人気タレントがCMに出演している。
loan_w67	チーム
loan_e67	て困難に立ち向かう。チーム一丸（いちがん）となっ
loan_w68	チェンジ change
loan_e68	席をチェンジしてもらえませんか？
loan_w69	チャージ charge
loan_e69	スマホをチャージする。
loan_w70	チャージ charge
loan_e70	チャンスが来るのを待つ。
loan_w71	データ
loan_e71	実験データを分析する。
loan_w72	テクニッ
loan_e72	彼女は交渉のテクニックが上手い。
loan_w73	デザート dessert
loan_e73	食事の後にデザートを注文する。坂后点甜点。
loan_w74	デザイン design
loan_e74	この家具のデザインが気に入った。
loan_w75	デフレ
loan_e75	デフレが続いて物価が下がっている。
loan_w76	デモ
loan_e76	街中でデモが行われている。
loan_w77	テロ
loan_w78	トラング trump
loan_e78	子供の頃、よく家族でトランプをした。
loan_w79	トレーニ
loan_w80	トンネル tunnel
loan_e80	このトンネルを抜けると、海が見えてくるよ。
loan_w81	ナイーブ naivety
loan_e81	彼女はナイーブすぎて、詐欺に引っかかりやすい性格です。
loan_w82	ナンセン
loan_e82	センスだ。こんなナンセンスなことで喧①彼の言うことはまったくナン
loan_w83	ニュアン
loan_e83	嘩するなんて時間の無駄だ。この二つの言葉は似ているが、ニュアンスが違う。
loan_w84	バーゲン bargain
loan_e84	バーゲン会場は人でいっぱいだ。
loan_w85	ハード
loan_e85	この仕事は体力的にハードだ。
loan_w86	ハーフ
loan_e86	彼は日米のハーフだ。
loan_w87	パターン pattern
loan_e87	生活のパターンを変えたい。
loan_w88	バランス balance
loan_e88	と生活のバランスを取る。
loan_w89	パンク
loan_e89	タイヤがパンクした。
loan_w90	ビタミン vitamin
loan_e90	バランスよくビタミンを摂取（せっしゅ）する。
loan_w91	ビニール vinyl
loan_e91	ビニールは環境に優しくない。
loan_w92	ヒント
loan_e92	クイズのヒントをもらった。
loan_w93	ファン
loan_e93	サッカーファンが集まる。
loan_w94	ブーム
loan_e94	健康ブームが続いている。
loan_w95	ブザー
loan_e95	解答時間が終了するとブザーが鳴る。
loan_w96	プラス
loan_e96	なる。この経験は将来に必ずプラスに
loan_w97	プレッシ
loan_e97	上司からのプレッシャーに耐える。
loan_w98	フレッシ
loan_e98	フレッシュな野菜を使う。
loan_w99	プロ
loan_e99	彼はプロの野球選手だ。
loan_w100	プログラ
loan_e100	会議のプログラムを確認する①② コンピュータープログラムを
loan_w101	フロント front
loan_e101	ホテルのフロントに鍵を返す。作成する。
loan_w102	ベンチ
loan_e102	のベンチに座って休む。
loan_w103	ホイル
loan_e103	アルミホイルで料理を包む。
loan_w104	ポーズ
loan_e104	写真を撮るのでポーズをとってください。
loan_w105	ポスター poster
loan_e105	コンサートのポスターが貼ってある。
loan_w106	ホチキス Hotchkiss
loan_e106	ギ机ホチキスで書類をとめる。
loan_w107	ポット
loan_e107	コーヒーポットでコーヒーを入れる。
loan_w108	マイペー
loan_w109	マスク
loan_e109	の中ではマスクをつける人が多い。
loan_w110	マスコミ
loan_e110	事件の真相はマスコミによって報道された。
loan_w111	ミス
loan_e111	彼は試合で致命的なミスを犯した。
loan_w112	ムード
loan_e112	試験に合格したから、今日はお祝いムードだ！
loan_w113	メッセー
loan_e113	からメッセージが届いた。
loan_w114	ユーモア humor
loan_e114	彼の話にはユーモアがある。
loan_w115	ユニーク unique
loan_e115	のアイデアはとてもユニークだ。
loan_w116	ライター lighter
loan_e116	タバコに火をつけるためにライターを使う。
loan_w117	ライバル rival
loan_e117	はビジネス上のライバルだ。
loan_w118	ラッシュ rush
loan_e118	通勤ラッシュが辛い。
loan_w119	リーダー leader
loan_e119	プロジェクトのリーダーに選ばれた。
loan_w120	リズム
loan_e120	のリズムが乱れる。
loan_w121	リビングliving
loan_e121	広いリビングが欲しい。
loan_w122	リラック
loan_e122	休日はしっかりリラックスしたい。
loan_w123	ルーズ
loan_e123	は時間にルーズだ。
loan_w124	レジ
loan_e124	レジでお金を払う。
loan_w125	レジャー leisure
loan_e125	レジャー産業が発達している。
loan_w126	レバー
loan_e126	レバーを引いて機械を動かす。
loan_w127	レンタル rental
loan_e127	車をレンタルする。
loan_w128	ロビー
loan_e128	ホテルのロビーで待ち合わせる。在酒店的大堂会合。
adv_w0	あいにく
adv_e0	あいにくの雨でピクニックは中止だ。
adv_w1	あらゆる
adv_w2	いきなり
adv_e2	いきなり後ろから声をかけられて驚いた。
adv_w3	いっそう
adv_e3	は一層激しくなった。
adv_w4	いちおう
adv_e4	一応説明はしたが、理解してもらえたかわからない。
adv_w5	いっせいに
adv_e5	たちが一斉に立ち上がった。
adv_w6	か
adv_e6	する予定だ。いつのまにか彼のことが好きになっていた。
adv_w7	いよ
adv_e7	いよいよ明日が本番だ。よ激しくなった。
adv_w8	いまさら
adv_e8	オ（太っても遅い。
adv_w9	いわば
adv_e9	彼女は言わば私たちの姉のような存在だ。
adv_w10	およそ
adv_e10	そ十年ぶりに彼に会った。
adv_w11	くれぐれも
adv_e11	くれぐれもお体にお気をつけて。
adv_w12	さっさと
adv_e12	さっさと仕事を片付けなさい。
adv_w13	さらに
adv_e13	も更に努力します。に交渉する。
adv_w14	じかに
adv_e14	直にお会いしてお詫びしたいです。
adv_w15	しきりに
adv_e15	頻りに勧められるので、つい買ってしまった。
adv_w16	したがって
adv_e16	これは非常に重要な問題だ。従って、慎重に扱う必要がある。
adv_w17	じょじょに
adv_e17	思者は徐々に回復している。
adv_w18	ずらり
adv_e18	本がずらりと並んでいる。
adv_w19	せっかく
adv_e19	たんだから、ゆっくりしていきなさい。
adv_w20	せっせと
adv_e20	彼はせっせと働いている。
adv_w21	せめて
adv_e21	せめてお茶だけでもどうぞ。
adv_w22	いまにも
adv_e22	今にも雨が降り出しそうだ。
adv_w23	おおいに
adv_e23	今回の経験は大いに役立つだろう。
adv_w24	おもいきり
adv_e24	い切り泣いたら気分がすっきりした。
adv_w25	おもわず
adv_e25	わず本音を漏らしてしまった。
adv_w26	かならずし
adv_e26	高いものが必ずしも良いとは限らない。
adv_w27	けっして
adv_e27	して諦めない。
adv_w28	さっそく
adv_e28	頂いた資料を早速読ませていただきます。
adv_w29	しじゅう
adv_e29	は始終文句ばかり言っている。
adv_w30	ちっとも
adv_e30	この問題がちっともわからない。
adv_w31	とっくに
adv_e31	部屋を徹底的に掃除する。彼はとっくにその事実を知っていた。
adv_w32	どうせ
adv_e32	どうせやるなら、しっかりやりなさい。
adv_w33	ひとまず
adv_e33	先ずこれで終わりにしましょう。
adv_w34	ひとりでに
adv_e34	ドアが独りでに開いた。
adv_w35	めったに
adv_w36	わずかに
adv_e36	かに息をしている。
adv_w37	すくなくと
adv_e37	少なくとも一日三時間は勉強しなさい。
adv_w38	ただちに
adv_e38	ちに病院に連れて行け。
adv_w39	のこらず
adv_e39	ケーキを残らず食べてしまった。
adv_w40	はたして
adv_e40	たして彼は来るだろうか。
adv_w41	ばったり
adv_e41	道で旧友にぼったり会った。
adv_w42	ひっしに
adv_e42	必死に勉強して合格した。
adv_w43	ひととおり
adv_e43	通り目を通した。
adv_w44	まえもって
adv_e44	前もって知らせておけばよかった。
adv_w45	ようするに
adv_e45	要するに、君は反対なんだね。
adv_w46	わりに
adv_e46	年齢の割に落ち着いている。
adv_w47	にわかに
adv_e47	かに雨が降り出した。
